denumire,um,pret_livr,cod,imagine
ADAPTOR DUZA CURENT MIG 511,BUC,10.00,192,120-aparat-sudura-mm-iweld-gorilla-microforce-120-vrd-1-1000x1000.jpg
ADAPTOR DUZA CURENT MIG-150,BUC,10.00,5999089121797,120-aparat-sudura-mm-iweld-gorilla-microforce-120-vrd-1-1000x1000.jpg
ADAPTOR DUZA CURENT MIG-240,BUC,7.00,5999089121803,120-aparat-sudura-mm-iweld-gorilla-microforce-120-vrd-1-1000x1000.jpg
ADAPTOR DUZA CURENT MIG-250,BUC,10.00,5999089121810,120-aparat-sudura-mm-iweld-gorilla-microforce-120-vrd-1-1000x1000.jpg
ADAPTOR DUZA CURENT MIG-360 M6,BUC,7.00,5999089121827,120-aparat-sudura-mm-iweld-gorilla-microforce-120-vrd-1-1000x1000.jpg
ADAPTOR DUZA CURENT MIG-360 M8,BUC,7.00,5999089121834,120-aparat-sudura-mm-iweld-gorilla-microforce-120-vrd-1-1000x1000.jpg
ADAPTOR DUZA CURENT MIG-511,BUC,10.00,5999089121841,120-aparat-sudura-mm-iweld-gorilla-microforce-120-vrd-1-1000x1000.jpg
ADAPTOR ROLA SARMA K300,BUC,25.00,324,120-aparat-sudura-mm-iweld-gorilla-microforce-120-vrd-1-1000x1000.jpg
ALIAJ ALAMA CU DECAPANT PE VERGEA GAFLO OT-SI SN,BUC,165.00,290,120-aparat-sudura-mm-iweld-gorilla-microforce-120-vrd-1-1000x1000.jpg
APARAT PLASMA JASIC CUT60 L204,BUC,2800.00,294,120-aparat-sudura-mm-iweld-gorilla-microforce-120-vrd-1-1000x1000.jpg
APARAT SUD. INVERTER MAXIARC 320MMA F A,BUC,3295.00,229,120-aparat-sudura-mm-iweld-gorilla-microforce-120-vrd-1-1000x1000.jpg
APARAT SUDURA ENERGO 200MMA,BUC,850.00,135,120-aparat-sudura-mm-iweld-gorilla-microforce-120-vrd-1-1000x1000.jpg
APARAT SUDURA GORILLA POKETMIG 215XL,BUC,2950.00,340,120-aparat-sudura-mm-iweld-gorilla-microforce-120-vrd-1-1000x1000.jpg
APARAT SUDURA GORILLA SUPRFORCE 220,BUC,1150.00,341,120-aparat-sudura-mm-iweld-gorilla-microforce-120-vrd-1-1000x1000.jpg
APARAT SUDURA INVERT TIG 200A ENERGO,BUC,2490.00,152,120-aparat-sudura-mm-iweld-gorilla-microforce-120-vrd-1-1000x1000.jpg
APARAT SUDURA TIG 220 DIGITAL PULSE,BUC,3950.00,342,120-aparat-sudura-mm-iweld-gorilla-microforce-120-vrd-1-1000x1000.jpg
ARZATOR TAIERE DYNACUT 1000,BUC,990.00,361,120-aparat-sudura-mm-iweld-gorilla-microforce-120-vrd-1-1000x1000.jpg
ASPIRATOR INDUSTRIAL 1250W 20L NILFISK,BUC,1125.00,246,120-aparat-sudura-mm-iweld-gorilla-microforce-120-vrd-1-1000x1000.jpg
ASPIRATOR USCAT VIPER 1200W 12L NILFISK,BUC,1025.00,247,120-aparat-sudura-mm-iweld-gorilla-microforce-120-vrd-1-1000x1000.jpg
ASPIRATOR USCAT VP300 HEPA BASIC 800W 10L NILFISK,BUC,1125.00,248,120-aparat-sudura-mm-iweld-gorilla-microforce-120-vrd-1-1000x1000.jpg
BAGHETA ALUMINIU BOHLER 2.00/2.4X1000MM,KG,100.00,164,120-aparat-sudura-mm-iweld-gorilla-microforce-120-vrd-1-1000x1000.jpg
BAGHETA INOX 316 L 2.0X1000MM,KG,100.00,163,120-aparat-sudura-mm-iweld-gorilla-microforce-120-vrd-1-1000x1000.jpg
BAGHETA INOX BOHLER 1.6X1000,KG,110.00,162,120-aparat-sudura-mm-iweld-gorilla-microforce-120-vrd-1-1000x1000.jpg
BAGHETA SG3 1.6/2.0/2.4 X1000 MOST,KG,20.00,333,120-aparat-sudura-mm-iweld-gorilla-microforce-120-vrd-1-1000x1000.jpg
BOCANCI CU BOMBEU,BUC,100.00,182,120-aparat-sudura-mm-iweld-gorilla-microforce-120-vrd-1-1000x1000.jpg
BOCANCI INALTI IMBLANITI,BUC,115.00,183,120-aparat-sudura-mm-iweld-gorilla-microforce-120-vrd-1-1000x1000.jpg
BOCANCI JACK,BUC,125.00,224,120-aparat-sudura-mm-iweld-gorilla-microforce-120-vrd-1-1000x1000.jpg
BRICHETA OXI GAZ,BUC,20.00,165,120-aparat-sudura-mm-iweld-gorilla-microforce-120-vrd-1-1000x1000.jpg
BUTELIE ARGON 10L INCARCATA,BUC,990.00,298,120-aparat-sudura-mm-iweld-gorilla-microforce-120-vrd-1-1000x1000.jpg
BUTELIE CORGON 10L INCARCATA,BUC,990.00,299,120-aparat-sudura-mm-iweld-gorilla-microforce-120-vrd-1-1000x1000.jpg
BUTELIE MULTIGAS 600ML ROTHENBERGER,BUC,50.00,4004625054345,120-aparat-sudura-mm-iweld-gorilla-microforce-120-vrd-1-1000x1000.jpg
BUTELIE O2 1L  110B KEMPER,BUC,145.00,8008004002619,120-aparat-sudura-mm-iweld-gorilla-microforce-120-vrd-1-1000x1000.jpg
BUTELIE O2 1L 110B KEMPER,BUC,145.00,272,120-aparat-sudura-mm-iweld-gorilla-microforce-120-vrd-1-1000x1000.jpg
CANA UNGERE CU ULEI 250G CROWNMAN,BUC,15.00,2000015222020,120-aparat-sudura-mm-iweld-gorilla-microforce-120-vrd-1-1000x1000.jpg
CAPACE PISTOLET TIG SCURT MEDIU LUNG,BUC,7.50,362,120-aparat-sudura-mm-iweld-gorilla-microforce-120-vrd-1-1000x1000.jpg
CARTUS GAZ BUTAN,BUC,8.00,117,120-aparat-sudura-mm-iweld-gorilla-microforce-120-vrd-1-1000x1000.jpg
CARTUS GAZ BUTAN,BUC,8.00,5949064114832,120-aparat-sudura-mm-iweld-gorilla-microforce-120-vrd-1-1000x1000.jpg
CHINGA ANCORARE 4T 6M,BUC,55.00,157,120-aparat-sudura-mm-iweld-gorilla-microforce-120-vrd-1-1000x1000.jpg
CHINGA ANCORARE CU GHEARA 2.5T 4M,BUC,35.00,158,120-aparat-sudura-mm-iweld-gorilla-microforce-120-vrd-1-1000x1000.jpg
CIOCAN MANER LEMN,BUC,20.00,358,120-aparat-sudura-mm-iweld-gorilla-microforce-120-vrd-1-1000x1000.jpg
CIOCAN MANER METAL,BUC,20.00,357,120-aparat-sudura-mm-iweld-gorilla-microforce-120-vrd-1-1000x1000.jpg
CIOCAN SUDOR ENERGO,BUC,20.00,123,120-aparat-sudura-mm-iweld-gorilla-microforce-120-vrd-1-1000x1000.jpg
CLEMA FURTUN  10/16,BUC,3.00,249,120-aparat-sudura-mm-iweld-gorilla-microforce-120-vrd-1-1000x1000.jpg
CLEMA FURTUN 12/20,BUC,3.00,250,120-aparat-sudura-mm-iweld-gorilla-microforce-120-vrd-1-1000x1000.jpg
CLEMA IMPAMANTARE HIPPO  500A MOST,BUC,50.00,5906340816255,120-aparat-sudura-mm-iweld-gorilla-microforce-120-vrd-1-1000x1000.jpg
CLEMA IMPAMANTARE HIPPO 350A,BUC,30.00,5906340816248,120-aparat-sudura-mm-iweld-gorilla-microforce-120-vrd-1-1000x1000.jpg
CLESTE COMBINAT PREDATOR 180MM ENERGO,BUC,44.00,5949064189328,120-aparat-sudura-mm-iweld-gorilla-microforce-120-vrd-1-1000x1000.jpg
CLESTE FIERAR BETONIST ERGO 200MM ENERGO,BUC,18.00,5949064190010,120-aparat-sudura-mm-iweld-gorilla-microforce-120-vrd-1-1000x1000.jpg
CLESTE LEGAT SARMA ERGO 255MM ENERGO,BUC,23.00,5949064190072,120-aparat-sudura-mm-iweld-gorilla-microforce-120-vrd-1-1000x1000.jpg
CLESTE MASA 300A MOST,BUC,30.00,260,120-aparat-sudura-mm-iweld-gorilla-microforce-120-vrd-1-1000x1000.jpg
CLESTE MASA 400A,BUC,30.00,178,120-aparat-sudura-mm-iweld-gorilla-microforce-120-vrd-1-1000x1000.jpg
CLESTE MASA BRONZ 150A,BUC,50.00,177,120-aparat-sudura-mm-iweld-gorilla-microforce-120-vrd-1-1000x1000.jpg
CLESTE MASA CONECTOR 600 CU CABLU 5ML SI CONECTOR,BUC,250.00,161,120-aparat-sudura-mm-iweld-gorilla-microforce-120-vrd-1-1000x1000.jpg
CLESTE MASA MOST 200A,BUC,25.00,259,120-aparat-sudura-mm-iweld-gorilla-microforce-120-vrd-1-1000x1000.jpg
CLESTE MENGHINA 180MM,BUC,35.00,2000005601170,120-aparat-sudura-mm-iweld-gorilla-microforce-120-vrd-1-1000x1000.jpg
CLESTE MENGHINA 255MM,BUC,40.00,6971281760805,120-aparat-sudura-mm-iweld-gorilla-microforce-120-vrd-1-1000x1000.jpg
CLESTE MULTUIFUNCTIONAL,BUC,198.00,120,120-aparat-sudura-mm-iweld-gorilla-microforce-120-vrd-1-1000x1000.jpg
CLESTE SCOS CUIE ERGO 180MM ENERGO,BUC,19.00,5949064190133,120-aparat-sudura-mm-iweld-gorilla-microforce-120-vrd-1-1000x1000.jpg
CLESTE TAIS FRONTAL ERGO 180MM ENERGO,BUC,23.00,5949064190256,120-aparat-sudura-mm-iweld-gorilla-microforce-120-vrd-1-1000x1000.jpg
CLESTE TAIS LATERAL PREDATOR 150MM ENERGO,BUC,42.00,5949064189441,120-aparat-sudura-mm-iweld-gorilla-microforce-120-vrd-1-1000x1000.jpg
CLESTE VARF SEMIROTUND PREDATOR 150MM EN.,BUC,34.00,5949064189380,120-aparat-sudura-mm-iweld-gorilla-microforce-120-vrd-1-1000x1000.jpg
CLESTE VARF SEMIROTUND PREDATOR 200MM EN.,BUC,40.00,5949064189410,120-aparat-sudura-mm-iweld-gorilla-microforce-120-vrd-1-1000x1000.jpg
COLIERE PLASTIC 3.6X250 100BUC,BUC,19.00,273,120-aparat-sudura-mm-iweld-gorilla-microforce-120-vrd-1-1000x1000.jpg
COLIERE PLASTIC 3.6X250 100BUC,BUC,19.00,5949064184330,120-aparat-sudura-mm-iweld-gorilla-microforce-120-vrd-1-1000x1000.jpg
COLIERE PLASTIC 4.8X300 SET 100 BUC,BUC,30.00,139,120-aparat-sudura-mm-iweld-gorilla-microforce-120-vrd-1-1000x1000.jpg
COLIERE PLASTIC ALB/NEGRU 4.8X360,BUC,35.00,318,120-aparat-sudura-mm-iweld-gorilla-microforce-120-vrd-1-1000x1000.jpg
CONECTOR CABLU FISA (TATA) 35-50MM,BUC,29.00,339,120-aparat-sudura-mm-iweld-gorilla-microforce-120-vrd-1-1000x1000.jpg
CONECTOR CABLU FISA -TATA- 35-50MM2,BUC,25.00,5999089120141,120-aparat-sudura-mm-iweld-gorilla-microforce-120-vrd-1-1000x1000.jpg
CONECTOR CABLU FISA-TATA- 10-25MM2,BUC,10.00,5999089120103,120-aparat-sudura-mm-iweld-gorilla-microforce-120-vrd-1-1000x1000.jpg
CONECTOR CABLU PRIZA-MAMA- 10-25MM2,BUC,10.00,5999089120080,120-aparat-sudura-mm-iweld-gorilla-microforce-120-vrd-1-1000x1000.jpg
CONECTOR CABLU PRIZA-MAMA- 35-50MM2,BUC,25.00,5999089120127,120-aparat-sudura-mm-iweld-gorilla-microforce-120-vrd-1-1000x1000.jpg
CONECTOR CENTRAL MIG ESG2 RACIRE AER,BUC,75.00,5999089125016,120-aparat-sudura-mm-iweld-gorilla-microforce-120-vrd-1-1000x1000.jpg
CONECTOR PANOU PRIZA-MAMA- 10-25MM2,BUC,10.00,5999089120097,120-aparat-sudura-mm-iweld-gorilla-microforce-120-vrd-1-1000x1000.jpg
CONECTOR PANOU PRIZA-MAMA- 35-50MM2,BUC,25.00,5999089120134,120-aparat-sudura-mm-iweld-gorilla-microforce-120-vrd-1-1000x1000.jpg
COTIERE SPALT 45 CM,BUC,79.00,336,120-aparat-sudura-mm-iweld-gorilla-microforce-120-vrd-1-1000x1000.jpg
CREMA CURATAT MAINI,BUC,12.00,5997514375227,120-aparat-sudura-mm-iweld-gorilla-microforce-120-vrd-1-1000x1000.jpg
CREMA CURATAT MAINI 400G,BUC,12.00,136,120-aparat-sudura-mm-iweld-gorilla-microforce-120-vrd-1-1000x1000.jpg
CUPLA EURO APARAT CO2 IWELD,BUC,150.00,5999089128192,120-aparat-sudura-mm-iweld-gorilla-microforce-120-vrd-1-1000x1000.jpg
CURATITOR CU PRESIUNE TAIFUN 1800A 130BAR 7.0L/MIN,BUC,800.00,219,120-aparat-sudura-mm-iweld-gorilla-microforce-120-vrd-1-1000x1000.jpg
CUTTER CM 1814,BUC,13.00,118,120-aparat-sudura-mm-iweld-gorilla-microforce-120-vrd-1-1000x1000.jpg
CUTTER CM 1814,BUC,13.00,3276007237443,120-aparat-sudura-mm-iweld-gorilla-microforce-120-vrd-1-1000x1000.jpg
CUTTER CM 1814,BUC,8.00,5949064176519,120-aparat-sudura-mm-iweld-gorilla-microforce-120-vrd-1-1000x1000.jpg
CUTTER CM 18718,BUC,8.00,119,120-aparat-sudura-mm-iweld-gorilla-microforce-120-vrd-1-1000x1000.jpg
CUTTER CM 18718,BUC,13.00,5949064176502,120-aparat-sudura-mm-iweld-gorilla-microforce-120-vrd-1-1000x1000.jpg
DIFUZOR GAZ CERAMIC 360ALW,BUC,12.00,212,120-aparat-sudura-mm-iweld-gorilla-microforce-120-vrd-1-1000x1000.jpg
DIFUZOR GAZ CERAMIC 511,BUC,9.00,191,120-aparat-sudura-mm-iweld-gorilla-microforce-120-vrd-1-1000x1000.jpg
DIFUZOR GAZ CERAMIC MIG-240,BUC,5.00,5999089122091,120-aparat-sudura-mm-iweld-gorilla-microforce-120-vrd-1-1000x1000.jpg
DIFUZOR GAZ CERAMIC MIG-360,BUC,7.50,5999089122114,120-aparat-sudura-mm-iweld-gorilla-microforce-120-vrd-1-1000x1000.jpg
DISC LAMELAR 125X22 GR 40,BUC,11.00,209,120-aparat-sudura-mm-iweld-gorilla-microforce-120-vrd-1-1000x1000.jpg
DISC LAMELAR 125X22 GR 40 GEKA,BUC,9.00,106,120-aparat-sudura-mm-iweld-gorilla-microforce-120-vrd-1-1000x1000.jpg
DISC LAMELAR 125X22 GR 60 GEKA,BUC,9.00,107,120-aparat-sudura-mm-iweld-gorilla-microforce-120-vrd-1-1000x1000.jpg
DISC LAMELAR 125X22 GR 80,BUC,11.00,208,120-aparat-sudura-mm-iweld-gorilla-microforce-120-vrd-1-1000x1000.jpg
DISC LAMELAR 125X22 GR 80 GEKA,BUC,9.00,108,120-aparat-sudura-mm-iweld-gorilla-microforce-120-vrd-1-1000x1000.jpg
DISC LAMELAR CERAMIC 125X22 GR 40 GEKA,BUC,13.00,109,120-aparat-sudura-mm-iweld-gorilla-microforce-120-vrd-1-1000x1000.jpg
DISC POLIZARE 125X6X22 ENERGO,BUC,9.00,270,120-aparat-sudura-mm-iweld-gorilla-microforce-120-vrd-1-1000x1000.jpg
DISC POLIZARE 125X6X22 GEKA,BUC,7.00,105,120-aparat-sudura-mm-iweld-gorilla-microforce-120-vrd-1-1000x1000.jpg
DISC POLIZARE 230X6X22 GEKA,BUC,16.00,104,120-aparat-sudura-mm-iweld-gorilla-microforce-120-vrd-1-1000x1000.jpg
DISC POLIZARE MOST 27 125X6.5X22,BUC,10.00,265,120-aparat-sudura-mm-iweld-gorilla-microforce-120-vrd-1-1000x1000.jpg
DISC POLIZARE V180X6.0 KLINGS,BUC,12.00,207,120-aparat-sudura-mm-iweld-gorilla-microforce-120-vrd-1-1000x1000.jpg
DISC TAIERE 125X1.0X22,BUC,4.00,5949064156672,120-aparat-sudura-mm-iweld-gorilla-microforce-120-vrd-1-1000x1000.jpg
DISC TAIERE 125X1.0X22 GEKA,BUC,4.00,101,120-aparat-sudura-mm-iweld-gorilla-microforce-120-vrd-1-1000x1000.jpg
DISC TAIERE 125X1.6X22,BUC,5.00,214,120-aparat-sudura-mm-iweld-gorilla-microforce-120-vrd-1-1000x1000.jpg
DISC TAIERE 125X1.6X22 GEKA,BUC,4.00,102,120-aparat-sudura-mm-iweld-gorilla-microforce-120-vrd-1-1000x1000.jpg
DISC TAIERE 180X2.00MM KLINGSPOR,BUC,9.00,206,120-aparat-sudura-mm-iweld-gorilla-microforce-120-vrd-1-1000x1000.jpg
DISC TAIERE 230X1.9X22 GEKA,BUC,10.00,103,120-aparat-sudura-mm-iweld-gorilla-microforce-120-vrd-1-1000x1000.jpg
DISC TAIERE MOST 41 125X1.6X22,BUC,5.00,266,120-aparat-sudura-mm-iweld-gorilla-microforce-120-vrd-1-1000x1000.jpg
DISC TAIERE MOST 41 230X1.9X22,BUC,12.00,264,120-aparat-sudura-mm-iweld-gorilla-microforce-120-vrd-1-1000x1000.jpg
DISTANTIER CERAMIC CUT 50,BUC,5.00,194,120-aparat-sudura-mm-iweld-gorilla-microforce-120-vrd-1-1000x1000.jpg
DUZA ANME 1 003-010MM,BUC,60.00,5999089125221,120-aparat-sudura-mm-iweld-gorilla-microforce-120-vrd-1-1000x1000.jpg
DUZA ANME 2 010-025MM,BUC,60.00,5999089125238,120-aparat-sudura-mm-iweld-gorilla-microforce-120-vrd-1-1000x1000.jpg
DUZA ANME 3 025-040MM,BUC,60.00,5999089125245,120-aparat-sudura-mm-iweld-gorilla-microforce-120-vrd-1-1000x1000.jpg
DUZA ANME 4 040-060MM,BUC,60.00,5999089125252,120-aparat-sudura-mm-iweld-gorilla-microforce-120-vrd-1-1000x1000.jpg
DUZA ANME 5 060-150MM,BUC,60.00,5999089125269,120-aparat-sudura-mm-iweld-gorilla-microforce-120-vrd-1-1000x1000.jpg
DUZA ANME ACETILENA,BUC,60.00,175,120-aparat-sudura-mm-iweld-gorilla-microforce-120-vrd-1-1000x1000.jpg
DUZA CERAMICA CUT 50,BUC,5.00,195,120-aparat-sudura-mm-iweld-gorilla-microforce-120-vrd-1-1000x1000.jpg
DUZA CERAMICA NR 5/6/7 TIG/WIG,BUC,5.00,193,120-aparat-sudura-mm-iweld-gorilla-microforce-120-vrd-1-1000x1000.jpg
DUZA CERAMICA PL.  CUT 100,BUC,12.00,203,120-aparat-sudura-mm-iweld-gorilla-microforce-120-vrd-1-1000x1000.jpg
DUZA CONTACT 0.6MM X M6,BUC,5.00,283,120-aparat-sudura-mm-iweld-gorilla-microforce-120-vrd-1-1000x1000.jpg
DUZA CONTACT 0.8  M8,BUC,6.00,285,120-aparat-sudura-mm-iweld-gorilla-microforce-120-vrd-1-1000x1000.jpg
DUZA CONTACT 0.8MM X M6X28,BUC,5.00,284,120-aparat-sudura-mm-iweld-gorilla-microforce-120-vrd-1-1000x1000.jpg
DUZA CONTACT 1.00MM  M6,BUC,5.00,287,120-aparat-sudura-mm-iweld-gorilla-microforce-120-vrd-1-1000x1000.jpg
DUZA CONTACT 1.00MM  M8X30,BUC,7.00,286,120-aparat-sudura-mm-iweld-gorilla-microforce-120-vrd-1-1000x1000.jpg
DUZA CONTACT 1.2MM  M8X30,BUC,7.00,288,120-aparat-sudura-mm-iweld-gorilla-microforce-120-vrd-1-1000x1000.jpg
DUZA COOLEX NR 4 200-300,BUC,125.00,170,120-aparat-sudura-mm-iweld-gorilla-microforce-120-vrd-1-1000x1000.jpg
DUZA CUPRU PL. CUT100,BUC,12.00,204,120-aparat-sudura-mm-iweld-gorilla-microforce-120-vrd-1-1000x1000.jpg
DUZA CUPRU PLASMA CUT 60,BUC,10.00,201,120-aparat-sudura-mm-iweld-gorilla-microforce-120-vrd-1-1000x1000.jpg
DUZA CUREN M6X25-0.9MM,BUC,2.50,5999089146219,120-aparat-sudura-mm-iweld-gorilla-microforce-120-vrd-1-1000x1000.jpg
DUZA CURENT M6X0.9MM,BUC,5.00,121,120-aparat-sudura-mm-iweld-gorilla-microforce-120-vrd-1-1000x1000.jpg
DUZA CURENT M6X25 -0.8MM,BUC,2.50,5999089121070,120-aparat-sudura-mm-iweld-gorilla-microforce-120-vrd-1-1000x1000.jpg
DUZA CURENT M6X25 0.6MM,BUC,2.50,5999089134469,120-aparat-sudura-mm-iweld-gorilla-microforce-120-vrd-1-1000x1000.jpg
DUZA CURENT M6X25-1.00MM,BUC,2.50,5999089121131,120-aparat-sudura-mm-iweld-gorilla-microforce-120-vrd-1-1000x1000.jpg
DUZA CURENT M6X28-0.8MM,BUC,3.50,5999089121087,120-aparat-sudura-mm-iweld-gorilla-microforce-120-vrd-1-1000x1000.jpg
DUZA CURENT M6X28-1.00MM,BUC,3.50,5999089121148,120-aparat-sudura-mm-iweld-gorilla-microforce-120-vrd-1-1000x1000.jpg
DUZA CURENT M6X28-1.2MM,BUC,3.50,5999089121223,120-aparat-sudura-mm-iweld-gorilla-microforce-120-vrd-1-1000x1000.jpg
DUZA CURENT M8X30-1.00MM,BUC,5.00,5999089121162,120-aparat-sudura-mm-iweld-gorilla-microforce-120-vrd-1-1000x1000.jpg
DUZA CURENT M8X30-1.2MM,BUC,5.00,5999089121247,120-aparat-sudura-mm-iweld-gorilla-microforce-120-vrd-1-1000x1000.jpg
DUZA GAZ CONICA MIG 511,BUC,40.00,213,120-aparat-sudura-mm-iweld-gorilla-microforce-120-vrd-1-1000x1000.jpg
DUZA GAZ CONICA MIG-240,BUC,15.00,350,120-aparat-sudura-mm-iweld-gorilla-microforce-120-vrd-1-1000x1000.jpg
DUZA GAZ CONICA PIST. 150A,BUC,12.00,199,120-aparat-sudura-mm-iweld-gorilla-microforce-120-vrd-1-1000x1000.jpg
DUZA GAZ CONICA PIST. 360A,BUC,25.00,200,120-aparat-sudura-mm-iweld-gorilla-microforce-120-vrd-1-1000x1000.jpg
DUZA GAZ CONICA PISTOLET 250A,BUC,15.00,198,120-aparat-sudura-mm-iweld-gorilla-microforce-120-vrd-1-1000x1000.jpg
DUZA PLASMA CUT 50,BUC,6.00,197,120-aparat-sudura-mm-iweld-gorilla-microforce-120-vrd-1-1000x1000.jpg
DUZA PNME 1 003-010MM,BUC,60.00,5999089125214,120-aparat-sudura-mm-iweld-gorilla-microforce-120-vrd-1-1000x1000.jpg
DUZA PNME 25-40MM,BUC,70.00,171,120-aparat-sudura-mm-iweld-gorilla-microforce-120-vrd-1-1000x1000.jpg
DUZA PNME 3 025-040MM,BUC,60.00,5999089125177,120-aparat-sudura-mm-iweld-gorilla-microforce-120-vrd-1-1000x1000.jpg
DUZA PNME 40-60MM,BUC,70.00,187,120-aparat-sudura-mm-iweld-gorilla-microforce-120-vrd-1-1000x1000.jpg
DUZA PNME 5 060-150MM,BUC,60.00,5999089125160,120-aparat-sudura-mm-iweld-gorilla-microforce-120-vrd-1-1000x1000.jpg
DUZA PNME 60-150MM,BUC,100.00,188,120-aparat-sudura-mm-iweld-gorilla-microforce-120-vrd-1-1000x1000.jpg
DUZA PNME2 010-025MM,BUC,60.00,5999089125207,120-aparat-sudura-mm-iweld-gorilla-microforce-120-vrd-1-1000x1000.jpg
DUZA TAIERE OXI PROPAN SCR1 50-100MM,BUC,75.00,5999089125061,120-aparat-sudura-mm-iweld-gorilla-microforce-120-vrd-1-1000x1000.jpg
DUZA TAIERE OXI-PROPAN SCR2 50-100 MM,BUC,75.00,5999089125078,120-aparat-sudura-mm-iweld-gorilla-microforce-120-vrd-1-1000x1000.jpg
ELECTR. ABRAZIUNE SORMAIT 63 HRC 3.2X350MM,BUC,100.00,5949064171408,120-aparat-sudura-mm-iweld-gorilla-microforce-120-vrd-1-1000x1000.jpg
ELECTR.CUPRU FOSFOR CUP6 FARA AG.GAFLO CUP6,KG,150.00,289,120-aparat-sudura-mm-iweld-gorilla-microforce-120-vrd-1-1000x1000.jpg
ELECTROD PLASMA CUT 100,BUC,12.00,205,120-aparat-sudura-mm-iweld-gorilla-microforce-120-vrd-1-1000x1000.jpg
ELECTROD PLASMA CUT 50,BUC,7.00,196,120-aparat-sudura-mm-iweld-gorilla-microforce-120-vrd-1-1000x1000.jpg
ELECTROD WIG/TIG  WOLFRAM 2.4X175MM,BUC,20.00,124,120-aparat-sudura-mm-iweld-gorilla-microforce-120-vrd-1-1000x1000.jpg
ELECTROD WIG/TIG NEFUZIBIL WOLFRAM 1.6X175MM,BUC,12.00,5999089122831,120-aparat-sudura-mm-iweld-gorilla-microforce-120-vrd-1-1000x1000.jpg
ELECTROD WIG/TIG NEFUZIBIL WOLFRAM 1.6X175MM,BUC,12.00,5999089122695,120-aparat-sudura-mm-iweld-gorilla-microforce-120-vrd-1-1000x1000.jpg
ELECTROD WIG/TIG NEFUZIBIL WOLFRAM 2.00X175MM,BUC,16.00,5999089122848,120-aparat-sudura-mm-iweld-gorilla-microforce-120-vrd-1-1000x1000.jpg
ELECTROD WIG/TIG NEFUZIBIL WOLFRAM 2.4X175MM,BUC,22.00,5999089122855,120-aparat-sudura-mm-iweld-gorilla-microforce-120-vrd-1-1000x1000.jpg
ELECTROD WIG/TIG NEFUZIBIL WOLFRAM 2.4X175MM,BUC,22.00,5999089122718,120-aparat-sudura-mm-iweld-gorilla-microforce-120-vrd-1-1000x1000.jpg
ELECTROD WIG/TIG NEFUZIBIL WOLFRAM 2X175MM,BUC,16.00,5999089122701,120-aparat-sudura-mm-iweld-gorilla-microforce-120-vrd-1-1000x1000.jpg
ELECTROD WIG/TIG NEFUZIBIL WOLFRAM 3.2X175MM,BUC,32.00,5999089122862,120-aparat-sudura-mm-iweld-gorilla-microforce-120-vrd-1-1000x1000.jpg
ELECTROD WIG/TIG NEFUZIBIL WOLFRAM 3.2X175MM,BUC,32.00,5999089122725,120-aparat-sudura-mm-iweld-gorilla-microforce-120-vrd-1-1000x1000.jpg
ELECTROD WIG/TIG WOLFRAM 1.6X175MM,BUC,12.00,130,120-aparat-sudura-mm-iweld-gorilla-microforce-120-vrd-1-1000x1000.jpg
ELECTROZI AL 105 2.5X350 0.5KG,BUC,125.00,5949064171231,120-aparat-sudura-mm-iweld-gorilla-microforce-120-vrd-1-1000x1000.jpg
ELECTROZI AL 105 3.2X350 0.5KG,BUC,125.00,5949064171248,120-aparat-sudura-mm-iweld-gorilla-microforce-120-vrd-1-1000x1000.jpg
ELECTROZI BAZICI  7018 2.5X350 ENERGO,KG,20.00,236,120-aparat-sudura-mm-iweld-gorilla-microforce-120-vrd-1-1000x1000.jpg
ELECTROZI BAZICI 7018 2.5X350 ESAB,KG,25.00,232,120-aparat-sudura-mm-iweld-gorilla-microforce-120-vrd-1-1000x1000.jpg
ELECTROZI BAZICI 7018 3.2X350 ENERGO,KG,20.00,237,120-aparat-sudura-mm-iweld-gorilla-microforce-120-vrd-1-1000x1000.jpg
ELECTROZI BAZICI 7018 3.2X350 GEKA,KG,15.00,337,120-aparat-sudura-mm-iweld-gorilla-microforce-120-vrd-1-1000x1000.jpg
ELECTROZI BAZICI 7018 3.2X450 ESAB,KG,25.00,233,120-aparat-sudura-mm-iweld-gorilla-microforce-120-vrd-1-1000x1000.jpg
ELECTROZI FONTA 2.5X350MM 0.5KG,BUC,90.00,149,120-aparat-sudura-mm-iweld-gorilla-microforce-120-vrd-1-1000x1000.jpg
ELECTROZI FONTA NIFE-CL 2.5X350 0.5KG,BUC,130.00,5949064171354,120-aparat-sudura-mm-iweld-gorilla-microforce-120-vrd-1-1000x1000.jpg
ELECTROZI INCARCARE DURA 61 HRC 3.25X350 CAPILLA,KG,100.00,5949064824397,120-aparat-sudura-mm-iweld-gorilla-microforce-120-vrd-1-1000x1000.jpg
ELECTROZI INCARCARE DURA 65HRC 3.25X360 CAPILLA540,KG,140.00,5443064179988,120-aparat-sudura-mm-iweld-gorilla-microforce-120-vrd-1-1000x1000.jpg
ELECTROZI INOX 308 3.2X350,KG,125.00,134,120-aparat-sudura-mm-iweld-gorilla-microforce-120-vrd-1-1000x1000.jpg
ELECTROZI INOX 308 3.2X350,BUC,125.00,5949064171286,120-aparat-sudura-mm-iweld-gorilla-microforce-120-vrd-1-1000x1000.jpg
ELECTROZI INOX 308I 2.5X350,KG,125.00,5949064171279,120-aparat-sudura-mm-iweld-gorilla-microforce-120-vrd-1-1000x1000.jpg
ELECTROZI INOX 316I 2.0X300 1KG,BUC,150.00,133,120-aparat-sudura-mm-iweld-gorilla-microforce-120-vrd-1-1000x1000.jpg
ELECTROZI PLASMA CUT 60,BUC,10.00,202,120-aparat-sudura-mm-iweld-gorilla-microforce-120-vrd-1-1000x1000.jpg
ELECTROZI RESISTARC BAZICI 3.2X350,KG,27.00,338,120-aparat-sudura-mm-iweld-gorilla-microforce-120-vrd-1-1000x1000.jpg
ELECTROZI RUTILICI 6013 2.5X350 1KG ESAB,KG,25.00,239,120-aparat-sudura-mm-iweld-gorilla-microforce-120-vrd-1-1000x1000.jpg
ELECTROZI RUTILICI 6013 2.5X350 ENERGO,KG,20.00,234,120-aparat-sudura-mm-iweld-gorilla-microforce-120-vrd-1-1000x1000.jpg
ELECTROZI RUTILICI 6013 2.5X350 ESAB,KG,25.00,7330129039869,120-aparat-sudura-mm-iweld-gorilla-microforce-120-vrd-1-1000x1000.jpg
ELECTROZI RUTILICI 6013 2.5X350 ESAB,KG,25.00,230,120-aparat-sudura-mm-iweld-gorilla-microforce-120-vrd-1-1000x1000.jpg
ELECTROZI RUTILICI 6013 3.2X350 ENERGO,KG,20.00,235,120-aparat-sudura-mm-iweld-gorilla-microforce-120-vrd-1-1000x1000.jpg
ELECTROZI RUTILICI 6013 3.2X350 ESAB,KG,25.00,231,120-aparat-sudura-mm-iweld-gorilla-microforce-120-vrd-1-1000x1000.jpg
ELECTROZI SUPERTIT FIN 6013 2.5X350 DUCTIL,KG,30.00,238,120-aparat-sudura-mm-iweld-gorilla-microforce-120-vrd-1-1000x1000.jpg
ELECTROZO FONTA NIFE-CL 3.2X350 0.5KG,BUC,130.00,5949064171361,120-aparat-sudura-mm-iweld-gorilla-microforce-120-vrd-1-1000x1000.jpg
FILTRU MASCA -08/09/10,BUC,5.00,351,120-aparat-sudura-mm-iweld-gorilla-microforce-120-vrd-1-1000x1000.jpg
FOARFECA TABLA PE DREAPTA PROCUT 250MM EN.,BUC,42.00,5949064189922,120-aparat-sudura-mm-iweld-gorilla-microforce-120-vrd-1-1000x1000.jpg
FURTUN ACETILENA 9.0X3.5MM,M,12.00,345,120-aparat-sudura-mm-iweld-gorilla-microforce-120-vrd-1-1000x1000.jpg
FURTUN NEUTRU 6.0X3.5MM,M,12.00,348,120-aparat-sudura-mm-iweld-gorilla-microforce-120-vrd-1-1000x1000.jpg
FURTUN OXIGEN 6.3X3.5MM,M,12.00,346,120-aparat-sudura-mm-iweld-gorilla-microforce-120-vrd-1-1000x1000.jpg
FURTUNE GEMENE OXI ACETILENA 9.0X6.3MM,M,25.00,347,120-aparat-sudura-mm-iweld-gorilla-microforce-120-vrd-1-1000x1000.jpg
GARNITURA TEFLON REDUCTOR,BUC,2.50,176,120-aparat-sudura-mm-iweld-gorilla-microforce-120-vrd-1-1000x1000.jpg
GAT LEBADA MIG 150,BUC,40.00,5999089122992,120-aparat-sudura-mm-iweld-gorilla-microforce-120-vrd-1-1000x1000.jpg
GAT LEBADA MIG 240,BUC,95.00,5999089123005,120-aparat-sudura-mm-iweld-gorilla-microforce-120-vrd-1-1000x1000.jpg
GAT LEBADA MIG 250,BUC,60.00,5999089123012,120-aparat-sudura-mm-iweld-gorilla-microforce-120-vrd-1-1000x1000.jpg
GEAM PROTECTIE MASCA 104X89 INT,BUC,7.50,296,120-aparat-sudura-mm-iweld-gorilla-microforce-120-vrd-1-1000x1000.jpg
GEAM PROTECTIE MASCA 138X122 EXT,BUC,10.00,297,120-aparat-sudura-mm-iweld-gorilla-microforce-120-vrd-1-1000x1000.jpg
GENERATOR PORTABIL 2.3KW -230V,BUC,1650.00,151,120-aparat-sudura-mm-iweld-gorilla-microforce-120-vrd-1-1000x1000.jpg
HIDROFOR 0.75KW ENERGO,BUC,450.00,150,120-aparat-sudura-mm-iweld-gorilla-microforce-120-vrd-1-1000x1000.jpg
INVERTOR MIG/MAG JASIC 160 M219,BUC,2350.00,293,120-aparat-sudura-mm-iweld-gorilla-microforce-120-vrd-1-1000x1000.jpg
INVERTOR MMA JASIC 120A LED,BUC,625.00,291,120-aparat-sudura-mm-iweld-gorilla-microforce-120-vrd-1-1000x1000.jpg
INVERTOR MMA JASIC 200A PRO,BUC,1150.00,292,120-aparat-sudura-mm-iweld-gorilla-microforce-120-vrd-1-1000x1000.jpg
INVERTOR SUDURA IWELD 250 DIGITAL,BUC,2350.00,363,120-aparat-sudura-mm-iweld-gorilla-microforce-120-vrd-1-1000x1000.jpg
INVERTOR SUDURA IWELD MIG320 DIGITAL,BUC,8950.00,364,120-aparat-sudura-mm-iweld-gorilla-microforce-120-vrd-1-1000x1000.jpg
JACHETA IARNA REFL. STRADA,BUC,200.00,186,120-aparat-sudura-mm-iweld-gorilla-microforce-120-vrd-1-1000x1000.jpg
JACHETA STAR BUMB/POLIESTER EN.,BUC,110.00,228,120-aparat-sudura-mm-iweld-gorilla-microforce-120-vrd-1-1000x1000.jpg
JAMBIERA KELVAR,BUC,95.00,352,120-aparat-sudura-mm-iweld-gorilla-microforce-120-vrd-1-1000x1000.jpg
KIT COMPLT SUD.CU BUT OXIGEN SI PROPAN KEMPER,BUC,800.00,271,120-aparat-sudura-mm-iweld-gorilla-microforce-120-vrd-1-1000x1000.jpg
LAMA CUTER LC 1814,BUC,1.00,223,120-aparat-sudura-mm-iweld-gorilla-microforce-120-vrd-1-1000x1000.jpg
LAME CUTTER LC1814 10 BUC,BUC,10.00,5949064176564,120-aparat-sudura-mm-iweld-gorilla-microforce-120-vrd-1-1000x1000.jpg
LAMPA DE MANA CU ACUMULATOR 10W6500K600LM,BUC,85.00,220,120-aparat-sudura-mm-iweld-gorilla-microforce-120-vrd-1-1000x1000.jpg
LAMPA LIPIT TORNADO,BUC,75.00,116,120-aparat-sudura-mm-iweld-gorilla-microforce-120-vrd-1-1000x1000.jpg
LIPICI SUPER ADEZIV 20GR,BUC,25.00,4250145606988,120-aparat-sudura-mm-iweld-gorilla-microforce-120-vrd-1-1000x1000.jpg
MANOMETRU OXIGEN/ACETILENA,BUC,70.00,128,120-aparat-sudura-mm-iweld-gorilla-microforce-120-vrd-1-1000x1000.jpg
MANUSI IARNA TRICOT IMPREG. LATEX,BUC,14.00,144,120-aparat-sudura-mm-iweld-gorilla-microforce-120-vrd-1-1000x1000.jpg
MANUSI INSERATE CU LATEX,BUC,5.00,145,120-aparat-sudura-mm-iweld-gorilla-microforce-120-vrd-1-1000x1000.jpg
MANUSI LACATUS BONO,BUC,20.00,147,120-aparat-sudura-mm-iweld-gorilla-microforce-120-vrd-1-1000x1000.jpg
MANUSI PIELE MANSETA VELCRO,BUC,19.00,146,120-aparat-sudura-mm-iweld-gorilla-microforce-120-vrd-1-1000x1000.jpg
MANUSI PROTECTIE BOVINA ENERGO,BUC,13.00,242,120-aparat-sudura-mm-iweld-gorilla-microforce-120-vrd-1-1000x1000.jpg
MANUSI SUDOR KIRK,BUC,35.00,143,120-aparat-sudura-mm-iweld-gorilla-microforce-120-vrd-1-1000x1000.jpg
MANUSI SUDURA ARGON ENERGO,BUC,20.99,241,120-aparat-sudura-mm-iweld-gorilla-microforce-120-vrd-1-1000x1000.jpg
MANUSI SUDURA PIELE CAPTUSITE,BUC,25.00,148,120-aparat-sudura-mm-iweld-gorilla-microforce-120-vrd-1-1000x1000.jpg
MASCA  VECTRA AUTOMATA PROFESIONAL,BUC,320.00,110,120-aparat-sudura-mm-iweld-gorilla-microforce-120-vrd-1-1000x1000.jpg
MASCA SUD AUT. VISION 2 SENZ,BUC,195.00,167,120-aparat-sudura-mm-iweld-gorilla-microforce-120-vrd-1-1000x1000.jpg
MASCA SUD. AUT. ENERGO,BUC,150.00,168,120-aparat-sudura-mm-iweld-gorilla-microforce-120-vrd-1-1000x1000.jpg
MASCA SUDOR AUTOMATA I WELD NORED EYE 3,BUC,250.00,343,120-aparat-sudura-mm-iweld-gorilla-microforce-120-vrd-1-1000x1000.jpg
MASCA SUDOR AUTOMATA SUPERLARGE,BUC,400.00,169,120-aparat-sudura-mm-iweld-gorilla-microforce-120-vrd-1-1000x1000.jpg
MASCA SUDOR CAP,BUC,60.00,335,120-aparat-sudura-mm-iweld-gorilla-microforce-120-vrd-1-1000x1000.jpg
MASCA SUDOR MANA 90X110,BUC,40.00,334,120-aparat-sudura-mm-iweld-gorilla-microforce-120-vrd-1-1000x1000.jpg
MASCA SUDURA SPECTRA TERMINATOR,BUC,350.00,254,120-aparat-sudura-mm-iweld-gorilla-microforce-120-vrd-1-1000x1000.jpg
MASCA VECTRA AUTOMATA STANDARD,BUC,250.00,111,120-aparat-sudura-mm-iweld-gorilla-microforce-120-vrd-1-1000x1000.jpg
MASINA INSURUBAT/GAURIT MAKITA,BUC,895.00,218,120-aparat-sudura-mm-iweld-gorilla-microforce-120-vrd-1-1000x1000.jpg
OCHELARI DE PROTECTIE LA SUD. MOST 529,BUC,36.00,-7735929050,120-aparat-sudura-mm-iweld-gorilla-microforce-120-vrd-1-1000x1000.jpg
OCHELARI DE PROTECTIE TRANSPARENTI MOST 602,BUC,20.00,8033661820467,120-aparat-sudura-mm-iweld-gorilla-microforce-120-vrd-1-1000x1000.jpg
OCHELARI FUMURII,BUC,15.00,159,120-aparat-sudura-mm-iweld-gorilla-microforce-120-vrd-1-1000x1000.jpg
OCHELARI FUMURII,BUC,15.00,3295249168810,120-aparat-sudura-mm-iweld-gorilla-microforce-120-vrd-1-1000x1000.jpg
OCHELARI PROTECTIE,BUC,15.00,5055721402690,120-aparat-sudura-mm-iweld-gorilla-microforce-120-vrd-1-1000x1000.jpg
OCHELARI TRANSPARENTI,BUC,15.00,160,120-aparat-sudura-mm-iweld-gorilla-microforce-120-vrd-1-1000x1000.jpg
OCHELARI TRANSPARENTI,BUC,15.00,5055721402676,120-aparat-sudura-mm-iweld-gorilla-microforce-120-vrd-1-1000x1000.jpg
OPRITOR FLAC OXIGEN,BUC,89.00,8592346150188,120-aparat-sudura-mm-iweld-gorilla-microforce-120-vrd-1-1000x1000.jpg
OPRITOR FLACARA ACETILENA MOST,BUC,65.00,5906340860272,120-aparat-sudura-mm-iweld-gorilla-microforce-120-vrd-1-1000x1000.jpg
OPRITOR FLACARA ACETILENA/PROPAN MANER IWELD,BUC,75.00,5999089117479,120-aparat-sudura-mm-iweld-gorilla-microforce-120-vrd-1-1000x1000.jpg
OPRITOR FLACARA ACETILENA/PROPAN PE REDUCTOR IWELD,BUC,75.00,5999089117462,120-aparat-sudura-mm-iweld-gorilla-microforce-120-vrd-1-1000x1000.jpg
OPRITOR FLACARA C2H2,BUC,89.00,172,120-aparat-sudura-mm-iweld-gorilla-microforce-120-vrd-1-1000x1000.jpg
OPRITOR FLACARA OXIGEN,BUC,89.00,173,120-aparat-sudura-mm-iweld-gorilla-microforce-120-vrd-1-1000x1000.jpg
OPRITOR FLACARA OXIGEN MANER IWELD,BUC,75.00,5999089117493,120-aparat-sudura-mm-iweld-gorilla-microforce-120-vrd-1-1000x1000.jpg
OPRITOR FLACARA OXIGEN MOST,BUC,65.00,5906340860289,120-aparat-sudura-mm-iweld-gorilla-microforce-120-vrd-1-1000x1000.jpg
OPRITOR FLACARA OXIGEN PE REDUCTOR IWELD,BUC,75.00,5999089117486,120-aparat-sudura-mm-iweld-gorilla-microforce-120-vrd-1-1000x1000.jpg
PACHET SUDURA/LIPIRE AL,BUC,275.00,127,120-aparat-sudura-mm-iweld-gorilla-microforce-120-vrd-1-1000x1000.jpg
PANTALON STAR BUMB/POLIESTER EN.,BUC,110.00,227,120-aparat-sudura-mm-iweld-gorilla-microforce-120-vrd-1-1000x1000.jpg
PANTOFI LUCRU EN.,BUC,100.00,226,120-aparat-sudura-mm-iweld-gorilla-microforce-120-vrd-1-1000x1000.jpg
PASTA ANTISTROPI TRAFIMET,BUC,75.00,112,120-aparat-sudura-mm-iweld-gorilla-microforce-120-vrd-1-1000x1000.jpg
PASTA ANTISTROPI TRAFIMET,BUC,75.00,5999089133684,120-aparat-sudura-mm-iweld-gorilla-microforce-120-vrd-1-1000x1000.jpg
PASTA ANTISTROPI TRAFIMET,BUC,75.00,7330725004230,120-aparat-sudura-mm-iweld-gorilla-microforce-120-vrd-1-1000x1000.jpg
PASTA SPALAT MAINI CU RUMEGUS 10KG,BUC,99.00,311,120-aparat-sudura-mm-iweld-gorilla-microforce-120-vrd-1-1000x1000.jpg
PASTA SPALAT MAINI LICHIDA 5L PEVASTAR CU POMPA DZ,BUC,139.00,310,120-aparat-sudura-mm-iweld-gorilla-microforce-120-vrd-1-1000x1000.jpg
PATURA ANTIFLACARA 2X2M 600C,BUC,420.00,142,120-aparat-sudura-mm-iweld-gorilla-microforce-120-vrd-1-1000x1000.jpg
PENSETA WIG 1.6/50MM,BUC,5.00,353,120-aparat-sudura-mm-iweld-gorilla-microforce-120-vrd-1-1000x1000.jpg
PENSETA WIG 2.0/50MM,BUC,5.00,354,120-aparat-sudura-mm-iweld-gorilla-microforce-120-vrd-1-1000x1000.jpg
PENSETA WIG 2.4/50MM,BUC,5.00,355,120-aparat-sudura-mm-iweld-gorilla-microforce-120-vrd-1-1000x1000.jpg
PENSETA WIG 3.2/50MM,BUC,5.00,359,120-aparat-sudura-mm-iweld-gorilla-microforce-120-vrd-1-1000x1000.jpg
PERIE DE MANA PT ALAMA CU MANER PL GALBEN 265/140,BUC,19.00,263,120-aparat-sudura-mm-iweld-gorilla-microforce-120-vrd-1-1000x1000.jpg
PERIE DE MANA PT INOX CU MANER PL VERDE 265/140,BUC,19.00,262,120-aparat-sudura-mm-iweld-gorilla-microforce-120-vrd-1-1000x1000.jpg
PERIE DE MANA PT OTEL MANER PL ROSU 265/140,BUC,19.00,261,120-aparat-sudura-mm-iweld-gorilla-microforce-120-vrd-1-1000x1000.jpg
PERIE SARMA MAN.5R- LEMN,BUC,6.00,129,120-aparat-sudura-mm-iweld-gorilla-microforce-120-vrd-1-1000x1000.jpg
PERIE SARMA OALA 0.3MM 100X25MM,BUC,45.00,138,120-aparat-sudura-mm-iweld-gorilla-microforce-120-vrd-1-1000x1000.jpg
PERIE SARMA OALA 0.3MM 100X25MM,BUC,45.00,4013349101754,120-aparat-sudura-mm-iweld-gorilla-microforce-120-vrd-1-1000x1000.jpg
PERIE SARMA OALA 0.5MM 80X224,BUC,55.00,137,120-aparat-sudura-mm-iweld-gorilla-microforce-120-vrd-1-1000x1000.jpg
PERIE SARMA OALA0.5MM 80X224,BUC,55.00,4013349324009,120-aparat-sudura-mm-iweld-gorilla-microforce-120-vrd-1-1000x1000.jpg
PISTOLET MIG  250 / 3M-RACIRE CU GAZ,BUC,320.00,301,120-aparat-sudura-mm-iweld-gorilla-microforce-120-vrd-1-1000x1000.jpg
PISTOLET MIG 150 / 4M RACIRE CU GAZ,BUC,250.00,300,120-aparat-sudura-mm-iweld-gorilla-microforce-120-vrd-1-1000x1000.jpg
PISTOLET MIG 240 / 3M-RACIRE CU GAZ,BUC,350.00,303,120-aparat-sudura-mm-iweld-gorilla-microforce-120-vrd-1-1000x1000.jpg
PISTOLET MIG 240 / 4M-RACIRE CU GAZ,BUC,400.00,304,120-aparat-sudura-mm-iweld-gorilla-microforce-120-vrd-1-1000x1000.jpg
PISTOLET MIG 240 / 5M-RACIRE CU GAZ,BUC,450.00,305,120-aparat-sudura-mm-iweld-gorilla-microforce-120-vrd-1-1000x1000.jpg
PISTOLET MIG 250 / 4M-RACIRE CU GAZ,BUC,380.00,302,120-aparat-sudura-mm-iweld-gorilla-microforce-120-vrd-1-1000x1000.jpg
PISTOLET MIG 360 / 4M-RACIRE CU GAZ,BUC,540.00,306,120-aparat-sudura-mm-iweld-gorilla-microforce-120-vrd-1-1000x1000.jpg
PISTOLET MIG 360 / 5M-RACIRE CU GAZ,BUC,590.00,307,120-aparat-sudura-mm-iweld-gorilla-microforce-120-vrd-1-1000x1000.jpg
PISTOLET MIG 500W / 4M -RACIRE CU LICHID,BUC,680.00,308,120-aparat-sudura-mm-iweld-gorilla-microforce-120-vrd-1-1000x1000.jpg
PISTOLET MIG MAG 150 2.5ML,BUC,250.00,141,120-aparat-sudura-mm-iweld-gorilla-microforce-120-vrd-1-1000x1000.jpg
PISTOLET MIG/MAG 150A 3ML,BUC,240.00,295,120-aparat-sudura-mm-iweld-gorilla-microforce-120-vrd-1-1000x1000.jpg
PISTOLET SUD.TIG RACIRE GAZ CU VENTIL X 4ML,BUC,375.00,140,120-aparat-sudura-mm-iweld-gorilla-microforce-120-vrd-1-1000x1000.jpg
PISTOLET SUDURA MIG MAG RACIRE APA 500WX5ML,BUC,895.00,153,120-aparat-sudura-mm-iweld-gorilla-microforce-120-vrd-1-1000x1000.jpg
PISTOLET TIG SR26 / 4M RACIRE CU GAZ,BUC,475.00,309,120-aparat-sudura-mm-iweld-gorilla-microforce-120-vrd-1-1000x1000.jpg
PIULITA  OLAND 3/8 STG ACETILENA,BUC,7.50,328,120-aparat-sudura-mm-iweld-gorilla-microforce-120-vrd-1-1000x1000.jpg
PIULITA DUZA X511,BUC,70.00,174,120-aparat-sudura-mm-iweld-gorilla-microforce-120-vrd-1-1000x1000.jpg
PIULITA OLAND 1/4 OXIGEN,BUC,5.00,329,120-aparat-sudura-mm-iweld-gorilla-microforce-120-vrd-1-1000x1000.jpg
PLASMA CUT 60 400V ENERGO,BUC,5370.00,240,120-aparat-sudura-mm-iweld-gorilla-microforce-120-vrd-1-1000x1000.jpg
POMPA SUMERSIBILA APA SEMI-MURDARA 22L/MIN 230V,BUC,350.00,225,120-aparat-sudura-mm-iweld-gorilla-microforce-120-vrd-1-1000x1000.jpg
PORT DUZA+ARC BLOCARE  MB 15,BUC,30.00,190,120-aparat-sudura-mm-iweld-gorilla-microforce-120-vrd-1-1000x1000.jpg
PORT ELECTROD MMA CONFORT 200A,BUC,45.00,256,120-aparat-sudura-mm-iweld-gorilla-microforce-120-vrd-1-1000x1000.jpg
PORTELECTROD 300/200 A,BUC,60.00,179,120-aparat-sudura-mm-iweld-gorilla-microforce-120-vrd-1-1000x1000.jpg
PORTELECTROD CROCODIL 300A PARWELD,BUC,45.00,325,120-aparat-sudura-mm-iweld-gorilla-microforce-120-vrd-1-1000x1000.jpg
PORTELECTROD CROCODIL 400A PARWELD,BUC,50.00,326,120-aparat-sudura-mm-iweld-gorilla-microforce-120-vrd-1-1000x1000.jpg
PORTELECTROD CROCODIL 600A PARWELD,BUC,60.00,327,120-aparat-sudura-mm-iweld-gorilla-microforce-120-vrd-1-1000x1000.jpg
PORTELECTROD MMA CONFORT 400A,BUC,60.00,257,120-aparat-sudura-mm-iweld-gorilla-microforce-120-vrd-1-1000x1000.jpg
PORTELECTROD MMA CONFORT 600A,BUC,70.00,258,120-aparat-sudura-mm-iweld-gorilla-microforce-120-vrd-1-1000x1000.jpg
PORTPENSETA WIG 1.6-50MM,BUC,10.00,322,120-aparat-sudura-mm-iweld-gorilla-microforce-120-vrd-1-1000x1000.jpg
PORTPENSETA WIG 2.4/50MM,BUC,10.00,356,120-aparat-sudura-mm-iweld-gorilla-microforce-120-vrd-1-1000x1000.jpg
PORTPENSETA WIG 200 2.0-50MM,BUC,10.00,323,120-aparat-sudura-mm-iweld-gorilla-microforce-120-vrd-1-1000x1000.jpg
PORTPENSETA WIG 3.2/50MM,BUC,10.00,360,120-aparat-sudura-mm-iweld-gorilla-microforce-120-vrd-1-1000x1000.jpg
PRODUSE INDUSTRIALE,BUC,500.00,383,120-aparat-sudura-mm-iweld-gorilla-microforce-120-vrd-1-1000x1000.jpg
PROIECTOR LED CU SUPORT 20W6500K1700LM,BUC,80.00,221,120-aparat-sudura-mm-iweld-gorilla-microforce-120-vrd-1-1000x1000.jpg
PROTECTIE FILTRU MASCA STICLA 90X110MM,BUC,2.00,349,120-aparat-sudura-mm-iweld-gorilla-microforce-120-vrd-1-1000x1000.jpg
REDUCTOR ACETILENA,BUC,350.00,210,120-aparat-sudura-mm-iweld-gorilla-microforce-120-vrd-1-1000x1000.jpg
REDUCTOR AR/CO2 CU DEBITMETRU OXYTURBO,BUC,450.00,278,120-aparat-sudura-mm-iweld-gorilla-microforce-120-vrd-1-1000x1000.jpg
REDUCTOR AR/CO2 MAGNUM SMART OXYTURBO,BUC,300.00,279,120-aparat-sudura-mm-iweld-gorilla-microforce-120-vrd-1-1000x1000.jpg
REDUCTOR ARG/CO2 MOST,BUC,300.00,269,120-aparat-sudura-mm-iweld-gorilla-microforce-120-vrd-1-1000x1000.jpg
REDUCTOR ARGON/CO2 200BAR,BUC,490.00,215,120-aparat-sudura-mm-iweld-gorilla-microforce-120-vrd-1-1000x1000.jpg
REDUCTOR AZOT MAJOR HP 60 OXYTURBO,BUC,450.00,281,120-aparat-sudura-mm-iweld-gorilla-microforce-120-vrd-1-1000x1000.jpg
REDUCTOR CO2 ACVARIU OXYTURBO,BUC,350.00,282,120-aparat-sudura-mm-iweld-gorilla-microforce-120-vrd-1-1000x1000.jpg
REDUCTOR OXIGEN,BUC,400.00,211,120-aparat-sudura-mm-iweld-gorilla-microforce-120-vrd-1-1000x1000.jpg
REDUCTOR OXIGEN MAGNUM SMART OXYTURBO,BUC,350.00,280,120-aparat-sudura-mm-iweld-gorilla-microforce-120-vrd-1-1000x1000.jpg
REDUCTOR OXIGEN MOST,BUC,275.00,268,120-aparat-sudura-mm-iweld-gorilla-microforce-120-vrd-1-1000x1000.jpg
REDUCTOR PRES. ACETILENA IWELD,BUC,400.00,5999089118735,120-aparat-sudura-mm-iweld-gorilla-microforce-120-vrd-1-1000x1000.jpg
REDUCTOR PRESIUNE AR/CO2 230 B IWELD,BUC,400.00,5999089118803,120-aparat-sudura-mm-iweld-gorilla-microforce-120-vrd-1-1000x1000.jpg
REDUCTOR PRESIUNE OXIGEN IWELD 230/10,BUC,400.00,5999089142990,120-aparat-sudura-mm-iweld-gorilla-microforce-120-vrd-1-1000x1000.jpg
REDUCTOR PRESIUNE PROPAN IWELD,BUC,350.00,5999089118926,120-aparat-sudura-mm-iweld-gorilla-microforce-120-vrd-1-1000x1000.jpg
REZERVA BRICHETA OXI GAZ,BUC,5.00,166,120-aparat-sudura-mm-iweld-gorilla-microforce-120-vrd-1-1000x1000.jpg
RULETA 10M CAUCIUCATA,BUC,22.00,114,120-aparat-sudura-mm-iweld-gorilla-microforce-120-vrd-1-1000x1000.jpg
RULETA 10M CAUCIUCATA,BUC,22.00,6971281769204,120-aparat-sudura-mm-iweld-gorilla-microforce-120-vrd-1-1000x1000.jpg
RULETA 2M CAUCIUCATA,BUC,14.00,222,120-aparat-sudura-mm-iweld-gorilla-microforce-120-vrd-1-1000x1000.jpg
RULETA 3 M CAUCIUCATA,BUC,10.00,5949064180295,120-aparat-sudura-mm-iweld-gorilla-microforce-120-vrd-1-1000x1000.jpg
RULETA 3M CAUCIUCATA,BUC,10.00,115,120-aparat-sudura-mm-iweld-gorilla-microforce-120-vrd-1-1000x1000.jpg
RULETA 5M CAUCIUCATA,BUC,15.00,113,120-aparat-sudura-mm-iweld-gorilla-microforce-120-vrd-1-1000x1000.jpg
RULETA 5M CAUCIUCATA,BUC,15.00,5949064180301,120-aparat-sudura-mm-iweld-gorilla-microforce-120-vrd-1-1000x1000.jpg
SACI ASPIRATOR HARTIE NILFISK,BUC,15.00,244,120-aparat-sudura-mm-iweld-gorilla-microforce-120-vrd-1-1000x1000.jpg
SACI ASPIRATOR HEPA 12L NILFISK,BUC,10.00,245,120-aparat-sudura-mm-iweld-gorilla-microforce-120-vrd-1-1000x1000.jpg
SARMA AL MG 0.8MM 2KG,BUC,250.00,100,120-aparat-sudura-mm-iweld-gorilla-microforce-120-vrd-1-1000x1000.jpg
SARMA ARCWELD 0.8MM 15 KG,KG,15.00,184,120-aparat-sudura-mm-iweld-gorilla-microforce-120-vrd-1-1000x1000.jpg
SARMA BOHLER/ENERGO SG2 1.0MM,KG,13.34,189,120-aparat-sudura-mm-iweld-gorilla-microforce-120-vrd-1-1000x1000.jpg
SARMA SG2 0.6MM 5KG,BUC,150.00,155,120-aparat-sudura-mm-iweld-gorilla-microforce-120-vrd-1-1000x1000.jpg
SARMA SGC 0.8MM 5KG,BUC,110.00,156,120-aparat-sudura-mm-iweld-gorilla-microforce-120-vrd-1-1000x1000.jpg
SARMA SUDURA CU FLUX 0.96MM 1 KG,BUC,120.00,122,120-aparat-sudura-mm-iweld-gorilla-microforce-120-vrd-1-1000x1000.jpg
SARMA SUDURA ENERGO 1.2MM,KG,13.34,185,120-aparat-sudura-mm-iweld-gorilla-microforce-120-vrd-1-1000x1000.jpg
SCUT ANTI STROPI OT-1N,BUC,50.00,255,120-aparat-sudura-mm-iweld-gorilla-microforce-120-vrd-1-1000x1000.jpg
SET 110 TAROZI SI FILIERE M2-M18 BGS,BUC,760.00,277,120-aparat-sudura-mm-iweld-gorilla-microforce-120-vrd-1-1000x1000.jpg
SET 2 MASINI ACUMULATOR MAKITA,BUC,1750.00,217,120-aparat-sudura-mm-iweld-gorilla-microforce-120-vrd-1-1000x1000.jpg
SET 8 TAROZI CROWNMAN,BUC,40.00,274,120-aparat-sudura-mm-iweld-gorilla-microforce-120-vrd-1-1000x1000.jpg
SET 8 TAROZI CROWNMAN,BUC,40.00,2000004131081,120-aparat-sudura-mm-iweld-gorilla-microforce-120-vrd-1-1000x1000.jpg
SET CHEI IMBUS HEX 19 BUC CRWNMAN,BUC,60.00,2000004601188,120-aparat-sudura-mm-iweld-gorilla-microforce-120-vrd-1-1000x1000.jpg
SET SURUBELNITE CROWNMAN 6 BUC,BUC,50.00,6971281766692,120-aparat-sudura-mm-iweld-gorilla-microforce-120-vrd-1-1000x1000.jpg
SOLUTIE ETENSARE FILETE 50ML,BUC,60.00,4021799125145,120-aparat-sudura-mm-iweld-gorilla-microforce-120-vrd-1-1000x1000.jpg
SORT SUDURA PIELE 60X90CM,BUC,195.00,330,120-aparat-sudura-mm-iweld-gorilla-microforce-120-vrd-1-1000x1000.jpg
SPRAY ALBASTRU INCHIS 450ML ENERGO,BUC,13.00,5949064157433,120-aparat-sudura-mm-iweld-gorilla-microforce-120-vrd-1-1000x1000.jpg
SPRAY ANTISTROPI 400ML GCE,BUC,20.00,8592346673892,120-aparat-sudura-mm-iweld-gorilla-microforce-120-vrd-1-1000x1000.jpg
SPRAY ANTISTROPI BINZEL,BUC,20.00,131,120-aparat-sudura-mm-iweld-gorilla-microforce-120-vrd-1-1000x1000.jpg
SPRAY ANTISTROPI BRINZEL,BUC,20.00,5949064183234,120-aparat-sudura-mm-iweld-gorilla-microforce-120-vrd-1-1000x1000.jpg
SPRAY CURATAT CONTACTE,BUC,29.00,316,120-aparat-sudura-mm-iweld-gorilla-microforce-120-vrd-1-1000x1000.jpg
SPRAY CURATAT FRANE 850 ML CHEMTOOLS,BUC,20.00,312,120-aparat-sudura-mm-iweld-gorilla-microforce-120-vrd-1-1000x1000.jpg
SPRAY DEGRIPANT ENERGO,BUC,12.00,5949064159475,120-aparat-sudura-mm-iweld-gorilla-microforce-120-vrd-1-1000x1000.jpg
SPRAY DEGRIPANT ENERGO 450ML,BUC,12.00,132,120-aparat-sudura-mm-iweld-gorilla-microforce-120-vrd-1-1000x1000.jpg
SPRAY DEGRIPANT MOS2,BUC,15.00,319,120-aparat-sudura-mm-iweld-gorilla-microforce-120-vrd-1-1000x1000.jpg
SPRAY GARNITURA SILICONICA NEAGRA,BUC,80.00,4021799126357,120-aparat-sudura-mm-iweld-gorilla-microforce-120-vrd-1-1000x1000.jpg
SPRAY RACIRE 400ML- KIM TEC,BUC,29.00,317,120-aparat-sudura-mm-iweld-gorilla-microforce-120-vrd-1-1000x1000.jpg
SPRAY RACIRE ASCHIERE/GAURIRE 400ML EN,BUC,40.00,125,120-aparat-sudura-mm-iweld-gorilla-microforce-120-vrd-1-1000x1000.jpg
SPRAY RACIRE ASCHIERE/GAURIRE 400ML ENERGO,BUC,40.00,5949064183210,120-aparat-sudura-mm-iweld-gorilla-microforce-120-vrd-1-1000x1000.jpg
SPRAY SUPER DEGRIPANT KIM TEC,BUC,25.00,314,120-aparat-sudura-mm-iweld-gorilla-microforce-120-vrd-1-1000x1000.jpg
SPRAY ULEI UNIV.  WD40,BUC,25.00,315,120-aparat-sudura-mm-iweld-gorilla-microforce-120-vrd-1-1000x1000.jpg
SPRAY VASELINA,BUC,20.00,313,120-aparat-sudura-mm-iweld-gorilla-microforce-120-vrd-1-1000x1000.jpg
SPRAY VASELINA MULTI 450ML,BUC,20.00,126,120-aparat-sudura-mm-iweld-gorilla-microforce-120-vrd-1-1000x1000.jpg
SPRAY VASELINA MULTI 450ML ENERGO,BUC,20.00,5949064159499,120-aparat-sudura-mm-iweld-gorilla-microforce-120-vrd-1-1000x1000.jpg
SPRAY VOPSEA ALB LUCIOS 450ML ENERGO,BUC,13.00,5949064157310,120-aparat-sudura-mm-iweld-gorilla-microforce-120-vrd-1-1000x1000.jpg
SPRAY VOPSEA ALB MAT 450ML ENERGO,BUC,13.00,5949064157419,120-aparat-sudura-mm-iweld-gorilla-microforce-120-vrd-1-1000x1000.jpg
SPRAY VOPSEA ALBASTRU DESCHIS 450ML ENERGO,BUC,13.00,5949064157402,120-aparat-sudura-mm-iweld-gorilla-microforce-120-vrd-1-1000x1000.jpg
SPRAY VOPSEA ARGINTIU 450ML ENERGO,BUC,13.00,5949064157334,120-aparat-sudura-mm-iweld-gorilla-microforce-120-vrd-1-1000x1000.jpg
SPRAY VOPSEA AURIU ENERGO 450 ML,BUC,13.00,5949064157426,120-aparat-sudura-mm-iweld-gorilla-microforce-120-vrd-1-1000x1000.jpg
SPRAY VOPSEA CROM ENERGO 450ML,BUC,13.00,5949064157365,120-aparat-sudura-mm-iweld-gorilla-microforce-120-vrd-1-1000x1000.jpg
SPRAY VOPSEA GALBEN 450ML ENERGO,BUC,13.00,5949064157372,120-aparat-sudura-mm-iweld-gorilla-microforce-120-vrd-1-1000x1000.jpg
SPRAY VOPSEA MARO 450ML ENERGO,BUC,13.00,5949064157457,120-aparat-sudura-mm-iweld-gorilla-microforce-120-vrd-1-1000x1000.jpg
SPRAY VOPSEA NEGRU LUCIOS 450ML ENERGO,BUC,13.00,5949064157303,120-aparat-sudura-mm-iweld-gorilla-microforce-120-vrd-1-1000x1000.jpg
SPRAY VOPSEA NEGRU MAT 450ML ENERGO,BUC,13.00,5949064157327,120-aparat-sudura-mm-iweld-gorilla-microforce-120-vrd-1-1000x1000.jpg
SPRAY VOPSEA ROSU DESCHIS 450ML ENERGO,BUC,13.00,5949064157358,120-aparat-sudura-mm-iweld-gorilla-microforce-120-vrd-1-1000x1000.jpg
SPRAY VOPSEA ROSU INCHIS 450ML ENERGO,BUC,13.00,5949064157341,120-aparat-sudura-mm-iweld-gorilla-microforce-120-vrd-1-1000x1000.jpg
SPRAY VOPSEA VERDE 450ML ENERGO,BUC,13.00,5949064157396,120-aparat-sudura-mm-iweld-gorilla-microforce-120-vrd-1-1000x1000.jpg
SPRAY VOPSEA VISINIU 450ML ENERGO,BUC,13.00,5949064157440,120-aparat-sudura-mm-iweld-gorilla-microforce-120-vrd-1-1000x1000.jpg
STUT ACETILENA 3/8-8.0MM,BUC,8.50,332,120-aparat-sudura-mm-iweld-gorilla-microforce-120-vrd-1-1000x1000.jpg
STUT FURTUN 6.3MM,BUC,4.00,320,120-aparat-sudura-mm-iweld-gorilla-microforce-120-vrd-1-1000x1000.jpg
STUT FURTUN 8.0MM,BUC,6.00,321,120-aparat-sudura-mm-iweld-gorilla-microforce-120-vrd-1-1000x1000.jpg
STUT OXIGEN 1/4-6.3MM,BUC,7.50,331,120-aparat-sudura-mm-iweld-gorilla-microforce-120-vrd-1-1000x1000.jpg
SUBLER MS4,BUC,180.00,252,120-aparat-sudura-mm-iweld-gorilla-microforce-120-vrd-1-1000x1000.jpg
SUBLER MS6,BUC,160.00,251,120-aparat-sudura-mm-iweld-gorilla-microforce-120-vrd-1-1000x1000.jpg
TAIETOR DYNACUT500 500MM/90 GRADE,BUC,750.00,344,120-aparat-sudura-mm-iweld-gorilla-microforce-120-vrd-1-1000x1000.jpg
TAIETOR X511 90/470,BUC,850.00,275,120-aparat-sudura-mm-iweld-gorilla-microforce-120-vrd-1-1000x1000.jpg
TERMOS ELECTROZI FAN TERM 5T,BUC,450.00,267,120-aparat-sudura-mm-iweld-gorilla-microforce-120-vrd-1-1000x1000.jpg
TRIUNGHI MAGNETIC MOST MARIMEA L,BUC,40.00,5906340819515,120-aparat-sudura-mm-iweld-gorilla-microforce-120-vrd-1-1000x1000.jpg
TRIUNGHI MAGNETIC MOST MEDIU,BUC,35.00,5906340892716,120-aparat-sudura-mm-iweld-gorilla-microforce-120-vrd-1-1000x1000.jpg
TRIUNGHI MAGNETIC MOST MIC,BUC,25.00,5906340892709,120-aparat-sudura-mm-iweld-gorilla-microforce-120-vrd-1-1000x1000.jpg
TRUSA LIPIT TEVI PPR ENERGO,BUC,275.00,243,120-aparat-sudura-mm-iweld-gorilla-microforce-120-vrd-1-1000x1000.jpg
TRUSA MOST COMPLETA TAIERE/SUDARE OX-AC,BUC,1650.00,253,120-aparat-sudura-mm-iweld-gorilla-microforce-120-vrd-1-1000x1000.jpg
TRUSA TAIERE ACETILENA RK-20 RHONA,BUC,1750.00,216,120-aparat-sudura-mm-iweld-gorilla-microforce-120-vrd-1-1000x1000.jpg
TUB GHIDARE 1.0/1.2X5ML ROSU IWELD,BUC,25.00,5999089122220,120-aparat-sudura-mm-iweld-gorilla-microforce-120-vrd-1-1000x1000.jpg
TUB GHIDARE TEFLON 1.0/1.2X4ML ROSU,BUC,90.00,5999089121995,120-aparat-sudura-mm-iweld-gorilla-microforce-120-vrd-1-1000x1000.jpg
TUB GHIDARE0.8/1.0X4ML- ALBASTRU,BUC,22.00,5999089122183,120-aparat-sudura-mm-iweld-gorilla-microforce-120-vrd-1-1000x1000.jpg
ULEI AMESTEC MOTOR 2 TIMPI 1L ENERGO,BUC,30.00,5949064126439,120-aparat-sudura-mm-iweld-gorilla-microforce-120-vrd-1-1000x1000.jpg
ULEI MOTOR 4 TIMPI 1L ENERGO,BUC,30.00,5949064126446,120-aparat-sudura-mm-iweld-gorilla-microforce-120-vrd-1-1000x1000.jpg
ULEI TRANSMISIE 1L ENERGO,BUC,30.00,5949064126453,120-aparat-sudura-mm-iweld-gorilla-microforce-120-vrd-1-1000x1000.jpg
ULEI UNGERE LANT 1L ENERGO,BUC,30.00,5949064126460,120-aparat-sudura-mm-iweld-gorilla-microforce-120-vrd-1-1000x1000.jpg
VIZIERA POLICARBONAT,,35.00,276,120-aparat-sudura-mm-iweld-gorilla-microforce-120-vrd-1-1000x1000.jpg
